{
    "temp_cal_a1": 1.00100,
    "temp_cal_a0": 0.00000,
    "vappress_cal_a1": 1.00000,
    "vappress_cal_a0": 0.00000
}
